,Maize yield anomaly,Normalised maize yield anomaly,Jan T,Feb T,Mar T,Apr T,May T,Jun T,Jul T,Aug T,Sep T,Oct T,Nov T,Dec T,Jan P,Feb P,Mar P,Apr P,May P,Jun P,Jul P,Aug P,Sep P,Oct P,Nov P,Dec P,Dec-Jan T,Jan-Feb T,Feb-Mar T,Mar-Apr T,Apr-May T,May-Jun T,Jun-Jul T,Jul-Aug T,Aug-Sep T,Sep-Oct T,Oct-Nov T,Nov-Dec T,Dec-Jan P,Jan-Feb P,Feb-Mar P,Mar-Apr P,Apr-May P,May-Jun P,Jun-Jul P,Jul-Aug P,Aug-Sep P,Sep-Oct P,Oct-Nov P,Nov-Dec P,Nov-Jan T,Dec-Feb T,Jan-Mar T,Feb-Apr T,Mar-May T,Apr-Jun T,May-Jul T,Jun-Aug T,Jul-Sep T,Aug-Oct T,Sep-Nov T,Oct-Dec T,Nov-Jan P,Dec-Feb P,Jan-Mar P,Feb-Apr P,Mar-May P,Apr-Jun P,May-Jul P,Jun-Aug P,Jul-Sep P,Aug-Oct P,Sep-Nov P,Oct-Dec P
1962,0.03204000000000007,0.020104664734008557,,,,,,,,,,,,,,,,,,,,,,,,,,,,,,,,,,,,,,,,,,,,,,,,,,,,,,,,,,,,,,,,,,,,,,,,
1963,0.021620000000000195,0.011853850033993574,,,,,,,,,,,,,,,,,,,,,,,,,,,,,,,,,,,,,,,,,,,,,,,,,,,,,,,,,,,,,,,,,,,,,,,,
1964,-0.0010199999999997988,-0.0005208546100738383,,,,,,,,,,,,,,,,,,,,,,,,,,,,,,,,,,,,,,,,,,,,,,,,,,,,,,,,,,,,,,,,,,,,,,,,
1965,0.06626000000000065,0.031451436817073145,,,,,,,,,,,,,,,,,,,,,,,,,,,,,,,,,,,,,,,,,,,,,,,,,,,,,,,,,,,,,,,,,,,,,,,,
1966,0.001620000000000843,0.0007402398011409031,,,,,,,,,,,,,,,,,,,,,,,,,,,,,,,,,,,,,,,,,,,,,,,,,,,,,,,,,,,,,,,,,,,,,,,,
1967,0.13640000000000052,0.061127543246392656,,,,,,,,,,,,,,,,,,,,,,,,,,,,,,,,,,,,,,,,,,,,,,,,,,,,,,,,,,,,,,,,,,,,,,,,
1968,-0.11223999999999945,-0.0474298946941395,,,,,,,,,,,,,,,,,,,,,,,,,,,,,,,,,,,,,,,,,,,,,,,,,,,,,,,,,,,,,,,,,,,,,,,,
1969,-0.2971999999999997,-0.12036774533230721,,,,,,,,,,,,,,,,,,,,,,,,,,,,,,,,,,,,,,,,,,,,,,,,,,,,,,,,,,,,,,,,,,,,,,,,
1970,0.37844000000000033,0.15322946359160422,,,,,,,,,,,,,,,,,,,,,,,,,,,,,,,,,,,,,,,,,,,,,,,,,,,,,,,,,,,,,,,,,,,,,,,,
1971,0.1013200000000003,0.0389380803049869,,,,,,,,,,,,,,,,,,,,,,,,,,,,,,,,,,,,,,,,,,,,,,,,,,,,,,,,,,,,,,,,,,,,,,,,
1972,-0.5109799999999991,-0.17729556431466137,,,,,,,,,,,,,,,,,,,,,,,,,,,,,,,,,,,,,,,,,,,,,,,,,,,,,,,,,,,,,,,,,,,,,,,,
1973,-0.1517199999999992,-0.04946015021906922,,,,,,,,,,,,,,,,,,,,,,,,,,,,,,,,,,,,,,,,,,,,,,,,,,,,,,,,,,,,,,,,,,,,,,,,
1974,0.2633800000000006,0.07960659146687965,,,,,,,,,,,,,,,,,,,,,,,,,,,,,,,,,,,,,,,,,,,,,,,,,,,,,,,,,,,,,,,,,,,,,,,,
1975,0.21872000000000114,0.06149555203167033,,,,,,,,,,,,,,,,,,,,,,,,,,,,,,,,,,,,,,,,,,,,,,,,,,,,,,,,,,,,,,,,,,,,,,,,
1976,0.12308000000000119,0.032515084589942525,,,,,,,,,,,,,,,,,,,,,,,,,,,,,,,,,,,,,,,,,,,,,,,,,,,,,,,,,,,,,,,,,,,,,,,,
1977,-0.36223999999999856,-0.09114928009581914,,,,,,,,,,,,,,,,,,,,,,,,,,,,,,,,,,,,,,,,,,,,,,,,,,,,,,,,,,,,,,,,,,,,,,,,
1978,-0.08295999999999815,-0.02002916493640648,,,,,,,,,,,,,,,,,,,,,,,,,,,,,,,,,,,,,,,,,,,,,,,,,,,,,,,,,,,,,,,,,,,,,,,,
1979,0.23760000000000225,0.05553477935676944,-9.012100070801136,-6.7094349711254875,0.7486480503285238,7.154889726389184,16.22799161551133,20.555577110777804,23.180914949171967,22.36144698120091,16.104137865812937,10.62192521992846,-1.2674418627084592,-5.534937245254556,0.2332695578422336,0.7745996681179962,2.6511816271687643,48.56128315161269,56.48132716563803,129.7531514121878,216.5538311330458,90.08046257891061,44.1610114130699,14.668835461820045,15.437597620676696,17.688602026691697,,-7.860767520963312,-2.9803934603984823,3.9517688883588535,11.691440670950255,18.391784363144563,21.868246029974884,22.77118096518644,19.232792423506922,13.363031542870697,4.677241678609999,-3.40118955398151,,0.5039346129801149,1.71289064764338,25.60623238939073,52.52130515862536,93.11723928891293,173.1534912726168,153.3171468559782,67.12073699599023,29.41492343744494,15.05321654124834,16.563099823684166,,,-4.9909623305327,0.39803426853073987,8.043843130743012,14.646152817559434,19.988161225153693,22.03264634705022,20.548833265395263,16.36250335564743,8.486207074344305,1.2731820373218063,,,1.2196836177096646,17.32902148229982,35.89793064813983,78.26525390981284,134.26276990362388,145.46248170804805,116.93176837500873,49.63676981793346,24.755814831855485,15.931678369729417
1980,0.09270000000000156,0.020500685567694635,-11.982479593177885,-8.659575967029893,-0.0402083278948524,6.572409154245869,15.739610671009181,21.337279819258427,22.835211284973568,21.878025690489125,16.01466066949861,7.927196263662882,2.4905447051316454,-10.076605504596172,0.35341721795112946,1.5703786530025976,1.4206305536027914,16.149190258822944,37.49330260070079,122.07229232273606,117.0014558743172,102.93249908717922,40.42546058123193,49.66048962149396,4.6043905869541035,2.6714125408190874,-8.758708419216223,-10.321027780103892,-4.349892147462376,3.2661004131755043,11.15600991262752,18.538445245133794,22.086245552115987,22.35661848773134,18.94634317999386,11.970928466580737,5.208870484397254,-3.793030399732273,9.02100962232138,0.9618979354768289,1.4955046033026598,8.784910406212834,26.821246429761832,79.78279746171839,119.53687409852662,109.96697748074821,71.67897983420558,45.04297510136294,27.132440104224035,3.6379015638865972,-6.261619567046975,-8.725664268487455,-6.894087962700887,-0.7091250468929697,7.423937165786721,14.549766548171148,19.970700591747043,22.016838931573687,20.242632548320415,15.273294207883518,8.810800546097694,0.11371182139943177,11.159872288439777,6.537465965881744,1.1148088081854415,6.3800664884760465,18.35437447104211,58.5715950607532,92.18901693258461,114.00208242807743,86.78647184757604,64.33948309663496,31.563446929893264,18.978764249755653
1981,-0.32765999999999806,-0.06662112210415842,-12.887407868259013,-7.7278643239957585,0.9791356751558267,10.905652775806091,15.723603277999105,20.92269712098269,24.845493230914048,22.0639968642914,16.869040891023683,8.632866683328949,-3.1621578851937784,-6.612975001883592,5.684341886080802e-14,0.11677448353977876,37.181101693673604,9.997856672599319,56.62673924513174,55.41100874386855,209.96476267811983,84.75375966503807,70.17407384003056,26.680866106833832,4.936512803882362,0.005913149496839409,-11.482006686427601,-10.307636096127396,-3.374364324419978,5.942394225480948,13.31462802690259,18.32315019949089,22.88409517594836,23.454745047602714,19.466518877657535,12.750953787176313,2.7353543990675817,-4.88756644353869,1.335706270409574,0.05838724176991961,18.648938088606695,23.589479183136465,33.31229795886553,56.01887399450014,132.68788571099418,147.3592611715789,77.46391675253427,48.42746997343215,15.80868945535805,2.471212976689552,-6.824489555907867,-10.230625898950334,-6.545378839033003,1.3856413756553643,9.202797242986987,15.850651058262606,20.497264543298595,22.610729072062693,21.259510328743023,15.855301479547995,7.446583229719604,-0.3807554012494876,2.4252677092576866,0.9293956747862447,12.432625392404418,15.765244283270839,34.60189920380149,40.678534887199795,107.33417022237329,116.70984369567537,121.63086539439603,60.53623320396735,33.930484250248774,10.541097353404197
1982,-0.34881999999999813,-0.0673694212896793,-10.5843442007148,-5.430466082153863,1.047887978923816,10.442040354465211,16.256231134210037,21.30850779235262,23.779193452420298,23.816221224904915,16.891251398994203,10.697694214483644,1.020596469499953,-6.865048232240064,1.1129615221307676,0.6303528735178703,7.669792637477422,18.15405185913564,63.74465068626081,37.82239955244613,105.59314621188594,188.16868134350975,18.163292235051927,35.837052929051175,11.158286817612698,0.6081583564440916,-8.5986596012992,-8.007405141434335,-2.191289051615028,5.744964166694508,13.349135744337618,18.78236946328132,22.54385062238645,23.797707338662597,20.353736311949554,13.794472806738918,5.859145341991793,-2.9222258813700615,0.5594373358137545,0.8716571978242701,4.150072755497597,12.911922248306483,40.94935127269818,50.783525119353435,71.70777288216601,146.88091377769783,103.16598678928084,27.00017258205156,23.497669873331944,5.883222587028399,-6.786492362597403,-7.542595094917431,-4.9889741013149616,2.0198207504117085,9.248719822533007,16.002259760342607,20.447977459660965,22.96797415655926,21.49555535877312,17.135055612794236,9.53651402765925,1.6177474839144932,2.018462491836509,0.5830758483816781,3.137702344375206,8.818065790043498,29.856165060957817,39.90703403261406,69.05339881686417,110.52807570261383,103.97503993014912,80.72300883587086,21.719543993905187,15.867832701035908
1983,1.038400000000001,0.20755961542305493,-8.742285776850663,-8.32182832971698,1.538193082269542,10.490684572660037,16.467781458425613,20.645740921609914,22.957553160572093,23.184078196641142,18.57269625342292,8.917145561467901,1.1217300571775173,-7.216006256809599,0.1393029328685973,0.1604418799305934,1.72766760736957,93.4259461146705,50.525711649013076,73.97194568028745,171.21011921378556,129.0256987091452,66.07524307638394,15.809769111904004,11.276805145052467,0.015265412336177064,-7.803667004545369,-8.532057053283829,-3.3918176237237274,6.014438827464781,13.479233015542817,18.55676119001776,21.801647041091,23.070815678606614,20.87838722503202,13.744920907445401,5.019437809322701,-3.0471380998160487,0.37373064465634886,0.14987240639959976,0.944054743650086,47.57680686102004,71.9758288818418,62.24882866465028,122.59103244703651,150.11790896146536,97.55047089276455,40.942506094143965,13.543287128478227,5.646035278694313,-4.862245846530276,-7.9763874462692534,-5.175307008099385,1.2356831084041808,9.49888637111838,15.868068984231838,20.023691846869188,22.262457426274363,21.571442536878692,16.891306670510627,9.53719062402275,0.9409564539452463,3.9685827023083817,0.30263438974768003,0.6758041400561728,31.771351867323474,48.5597751236843,72.64120114799026,98.56925884769528,124.73592120107264,122.10368699977147,70.30357029914428,31.05393911111338,9.033946556430791
1984,0.7633800000000015,0.1511667511564543,-11.94058701316947,-9.253857679920399,-2.050579040918377,8.419982871904503,16.850808590291926,21.008850864751334,23.58275724390645,23.2546575900427,16.591122594808063,8.972499859940733,1.2125183075064587,-8.055711670939427,1.00001604219635e-13,0.0011560704158463705,2.7689062337590045,36.57097662855657,26.303754555625744,168.14690649987796,88.53282353095031,237.1288610882865,57.97951535563399,39.236682608070275,7.562283201364522,5.344162610131084,-9.578296634989542,-10.597222346544942,-5.652218360419396,3.184701915493055,12.635395731098207,18.92982972752162,22.295804054328883,23.418707416974563,19.92289009242537,12.781811227374387,5.092509083723584,-3.421596681716496,0.007632706168129388,0.000578035207964042,1.3850311520874163,19.66994143115778,31.43736559209115,97.22533052775185,128.33986501541415,162.8308423096184,147.55418822196023,48.60809898185211,23.399482904717377,6.453222905747783,-6.011621070933877,-9.470150316633182,-7.748341244669443,-0.9614846163114509,7.740070807092657,15.426547442315893,20.480805566316544,22.6154218995668,21.14284580958571,16.272760014930473,8.925380254085061,0.7097688321692294,3.76402351912949,0.005473827583949505,0.9233541013915586,13.113679644243717,21.881212472647018,77.00721256135334,94.32782819548459,164.6028637063715,127.88039999162349,111.44835301733013,34.926160388356145,17.38104280652184
1985,-1.345139999999998,-0.26450288464941746,-12.74666862793683,-7.855341925718188,-1.1729314169795666,9.422424978285715,16.139316466778553,20.3084249663447,23.535490344859934,23.133137333544244,16.260751864021273,10.533722439844976,-0.9456048661573089,-10.337081804681041,0.2653971275128173,0.6508191836322258,8.904622821328928,34.96996136218018,59.14943255575334,83.17137531748753,249.08129520431035,291.7589458513108,58.603911188566656,10.603585711292105,5.622693525720207,0.9909673165496029,-10.40119014943814,-10.30100527682752,-4.514136671348889,4.124746780653062,12.780870722532121,18.223870716561613,21.921957655602306,23.334313839202082,19.69694459878275,13.397237151933115,4.794058786843824,-5.641343335419185,2.80477986882193,0.45810815557250084,4.777721002480556,21.937292091754532,47.05969695896674,71.16040393662041,166.1263352608989,270.4201205278105,175.18142851993863,34.6037484499293,8.113139618506079,3.306830421134827,-6.529953997123292,-9.552574074864841,-7.258313990211555,0.13138387852929334,8.129603342694873,15.29005547046963,19.994410592661037,22.32568421491627,20.976459847475127,16.642537212470142,8.616289812569624,-0.2496547436644819,4.390614313002689,2.0867929737585893,3.273613044157871,14.841801122380325,34.34133891308736,59.09692307847356,130.46736769251694,208.00387212436942,199.8147174147291,120.32214758372301,24.94339680852615,5.739082184520467
1986,-0.1001399999999979,-0.020329527552660646,-11.68529512318027,-8.170981782531454,1.2471392944904078,8.903524145549014,16.23595942439185,21.04635775093753,22.5796977926816,21.697344724313574,16.604730298272948,7.836100540555208,-0.46496720664859037,-6.428457029629997,0.009231014877779331,1.3036273449618108e-13,6.037499287426716,49.986321882880816,27.886921403799263,128.26240805467444,241.42006263227893,161.34469299206353,140.16104688262135,29.45824217811122,7.642638456205322,1.8022942730804363,-11.011188463930667,-9.928138452855876,-3.4619212440205382,5.075331720019696,12.569741784970418,18.641158587664677,21.81302777180955,22.138521258497576,19.151037511293254,12.22041541941407,3.685566666953301,-3.4467121181393012,0.5000991657136136,0.004615507438877342,3.0187496437133454,28.01191058515369,38.93662164333997,78.07466472923679,184.84123534347663,201.38237781217117,150.75286993734238,84.80964453036626,18.550440317158248,4.722466364642857,-7.655993931339563,-10.06445290346428,-6.203045870407131,0.6598938858359631,8.795540954810399,15.395280440292773,19.954004989336966,21.77446675597754,20.293924271756012,15.379391854380549,7.991954544059827,0.31422543475884507,2.2076306190490254,0.33339944380899994,2.015576767434704,18.67460705676905,27.9702475247021,68.71188378045134,132.52313069691738,177.0090545596721,180.9752675023211,110.32132735093187,59.08730917231247,12.967724969132169
1987,0.5054800000000021,0.11229095949812562,-11.139899476810106,-7.315208308572936,-1.454918352756934,8.396205111330401,15.398664444852463,20.466211688092763,23.24212360749501,22.607023203330773,16.872691861358287,10.294808166848448,-0.8354533622332951,-6.01041576918107,0.24966347162771796,0.1711917765649595,8.108910778641988,39.614518339216154,48.42071597806383,84.44124901842093,129.80519913545885,203.8243227939067,95.50860882627393,27.122036307521086,12.001137907020851,0.06170344248319637,-8.784178253220059,-9.227553892691528,-4.385063330664942,3.4706433792867264,11.897434778091425,17.932438066472606,21.854167647793883,22.92457340541289,19.73985753234453,13.583750014103368,4.729677402307576,-3.4229345657071826,1.025978872354055,0.21042762409631666,4.140051277603452,23.861714558929048,44.01761715863998,66.43098249824239,107.12322407693989,166.81476096468276,149.6664658100903,61.31532256689749,19.56158710727096,6.031420674752015,-6.011107904362926,-8.294521605004375,-6.63667537938002,-0.12464051666651817,7.446650401141947,14.753693748091843,19.70233324681338,22.105119499639482,20.907279557394656,16.5915077438458,8.777348888657778,1.1496463451446577,3.2315320669710004,0.7410498404242128,2.8432553422780633,15.964873631474207,32.04804836530716,57.49216111190015,87.55572137731438,139.356923649262,143.04604358521297,108.81832264256707,44.87726101360513,13.06162588567488
1988,0.320400000000002,0.06509019990248703,-8.550329880126391,-8.346434714335707,-0.7255667859866453,8.858949173585678,15.792608067819609,21.505650195364126,23.578563770726085,23.378029583113026,17.754076927878053,10.543933899330504,0.72298587458687,-6.86280205846325,0.6215941205253391,0.052496576460252076,3.584554982113401,31.73796497081594,52.75030639400433,51.450190822686075,180.68605360513365,142.0380602063926,105.0722219877799,24.22442063591751,2.305830076906787,0.3080218475486567,-7.280372824653731,-8.448382297231051,-4.536000750161179,4.066691193799514,12.325778620702641,18.649129131591867,22.542106983045105,23.478296676919555,20.566053255495536,14.149005413604275,5.6334598869586845,-3.0699080919381925,0.3416487815042588,0.33704534849278667,1.8185257792868175,17.661259976464663,42.24413568241013,52.1002486083452,116.06812221390987,161.36205690576313,123.55514109708626,64.64832131184873,13.26512535641217,1.3069259622277425,-5.132066337180289,-7.635726787881095,-5.874110460149621,-0.0710174422455984,7.975330151806173,15.38573581225643,20.29227401130323,22.820747849734374,21.570223427239014,17.22534680344049,9.673665567265104,1.46803923848467,4.228145156676299,0.24526471315609952,1.419548559699501,11.791672176463033,29.357608782311058,45.312820729168614,94.96218360727453,124.72476821140394,142.59877859976854,90.44490094336315,43.867490900201204,8.946090853457454
1989,-1.463899999999998,-0.2839436728993713,-8.142028270537082,-4.59339953392916,1.578489008233996,10.89417466487494,16.50407785077842,20.12995621708826,23.006781364873934,22.85189022134137,16.50233778724956,9.67994302875606,0.32055662595690926,-6.5413332890577625,2.3907604348702485,0.7469529140859095,6.184427291784848,14.636604003495076,41.419695361304754,107.1835869553311,171.3180515856549,38.30739433359895,58.917947268093286,38.93210930563756,5.149613555409481,0.008762080291326413,-7.502415164500169,-6.367713902233124,-1.5074552628475848,6.2363318365544655,13.699126257826675,18.317017033933332,21.56836879098109,22.92933579310764,19.67711400429545,13.091140408002797,5.000249827356473,-3.110388331550438,1.3493911412094732,1.5688566744780996,3.4656901029353997,10.410515647639981,28.02814968239993,74.30164115831793,139.25081927049303,104.81272295962695,48.612670800846146,48.925028286865455,22.040861430523552,2.5791878178504355,-4.760614818137859,-6.532743287643203,-3.71897959874412,2.6264213797265543,9.658913841295748,15.842736244247169,19.880271810913502,21.996209267767824,20.787003124488255,16.344723679115628,8.834279147320808,1.1530554552183692,1.6682041197750326,1.14857839883474,3.107380213580137,7.189328069788412,20.746908885528025,54.41329544004344,106.64044463409671,105.60301095819477,89.51446439578217,45.38581696910972,34.33322337637989,14.696828313779237
1990,0.45774000000000203,0.08497028063544906,-12.362520578599844,-5.560805184208116,3.1443463502486386,8.641133973205811,15.466467734434799,20.515520566514226,23.54206147473086,23.416766574019434,16.998981131182735,11.058480351241329,2.80624784320524,-6.684304187313219,0.31265434534554987,8.374513856707418,29.30827967485123,41.689234843709094,85.00667926236352,105.39566860292554,164.68844276970202,104.53824348844961,115.47856893946717,6.488666133002113,10.857667586046778,0.8497533089721845,-9.451926933828815,-8.961662881403992,-1.2082294169797505,5.892740161727214,12.053800853820295,17.990994150474506,22.02879102062254,23.479414024375146,20.207873852601082,14.028730741212032,6.932364097223285,-1.9390281720539888,0.16070821281847003,4.343584101026516,18.841396765779358,35.4987572592802,63.34795705303634,95.20117393264458,135.04205568631386,134.6133431290759,110.00840621395847,60.98361753623471,8.673166859524521,5.853710447509555,-6.194432413900266,-8.154886350621942,-4.92632647085314,2.0748917130820783,9.08398268596305,14.874374091384913,19.8413499252266,22.491449538421477,21.31926972664431,17.158076018814466,10.287903108543071,2.3934746690444206,1.8236766603485677,2.898643427447881,12.665149292301185,26.457342791755696,52.0013979269744,77.36386090299918,118.36359687833017,124.87411828702555,128.23508506587277,75.50182618697278,44.2749675528385,6.0653623426735095
1991,0.29788000000000103,0.05231637108303407,-10.805018570775996,-7.09553377262227,-0.5925484271556671,9.205982521512516,15.952737064253476,20.674156531267066,23.004863279828665,23.836225854755096,17.224520787302914,9.53293862851142,0.8705548120056985,-7.5134839854530195,0.0011817776968080507,0.466736595257587,2.91643144441521,40.364619367608235,40.24142044756997,155.72404453513138,294.09821313751115,50.27919233205205,70.68460390905834,49.662835601094784,17.142182179801843,1.6070509923884018,-8.744661379044606,-8.950276171699132,-3.844041099888968,4.306717047178424,12.579359792882993,18.313446797760268,21.83950990554786,23.42054456729187,20.530373321028996,13.378729707907159,5.2017467202585514,-3.3214645867236685,0.4254675433345696,0.23395918647727088,1.6915840198364722,21.640525406011797,40.30301990758918,97.98273249135076,224.91112883632135,172.1887027347817,60.481898120555314,60.17371975507669,33.40250889044845,9.374616586095268,-4.894358304961354,-8.194952176903858,-6.164366923518007,0.5059667739114951,8.188723719536744,15.277625372344318,19.87725229178303,22.505081888616896,21.35520330729551,16.864561756856432,9.209338075939968,0.9633364850213239,3.9028675575717404,0.43922389397534306,1.1281166057896852,14.582595802426829,27.840823753197625,78.77669478343635,163.354559373404,166.70048333489802,138.354003126207,56.87554394740156,45.8298738966515,22.804022924428196
1992,0.31858000000000075,0.054497991693067876,-8.155256017853409,-5.48965305500775,1.5549613568241352,9.599329992060756,15.899321613362337,19.29316890109728,23.99876522861978,22.292641913718427,16.430607315451603,9.063655075652314,-1.1098304826872836,-7.021684970631587,0.0008368394475646301,0.4841939032197901,4.468058185727754,18.590107895410007,49.673197393958084,80.74978201757875,157.6903569222843,63.05261627267973,91.47299363434831,23.561339642682825,14.09753202853619,3.404916835222224,-7.834370001653222,-6.8224545364305875,-1.9673458490918154,5.577145674442438,12.749325802711537,17.596245257229796,21.645967064858517,23.14570357116909,19.361624614585,12.747131195551944,3.976912296482501,-4.065757726659449,0.8039439159181292,0.24251537133382328,2.476126044473918,11.529083040569027,34.13165264468419,65.21148970576856,119.22006946993169,110.37148659748217,77.26280495351418,57.51716663851572,18.829435835609658,8.751224431879356,-4.932728397100286,-7.0527976861047685,-4.029982572012384,1.8882127646256712,9.0178709874157,14.93060683550675,19.730418581026424,21.86152534781178,20.90733815259656,15.928968101607403,8.128143969472168,0.3107132074444389,6.250023337212457,0.6973605783517721,1.651029642798223,7.8474533281190375,24.243787825031802,49.67102910231548,96.03777877794026,100.49758507084748,104.07198894310399,59.36231651657016,43.04395510185565,13.687929502146952
1993,1.0128599999999999,0.17572964776343133,-10.40420361380867,-4.98459849809908,2.2108249190593874,8.395916740336164,16.737869273372276,19.920748476946873,22.57817842826591,21.788100693406808,17.582495025051845,8.961946513816482,-0.17825230391369473,-7.721414880803279,0.07311771735863148,0.06331888765360837,6.401878588832175,21.662865524920782,21.23594035127755,136.92442852550153,159.48497509677037,123.71206475784925,48.193654309834486,17.2791883651418,21.324112441755325,1.248568681900661,-8.712944292220142,-7.694401055953889,-1.3868867895198598,5.303370829697762,12.566893006854206,18.329308875159562,21.249463452606378,22.183139560836345,19.685297859229316,13.272220769434151,4.391847104951379,-3.9498335923585013,1.7390172762905767,0.06821830250626881,3.232598738243041,14.032372056876627,21.449402938099315,79.0801844383897,148.20470181113612,141.59851992730998,85.95285953384203,32.736421337488316,19.301650403448736,11.286340561828165,-6.178573022375889,-7.470162360846486,-4.392659064282827,1.8740477204321173,9.11487031092257,15.018178163551733,19.74559872619498,21.429009199539824,20.649591382241482,16.11084741075834,8.788729744984838,0.35409310969979657,5.8585221937055545,1.1804511467446943,2.179438397948011,9.376021000468727,16.433561488343376,59.94107813389982,105.88178132451634,140.04048946004025,110.46356472148456,63.06163581094171,28.93231837224374,13.2839564962658
1994,-1.3439999999999994,-0.23191606847045823,-10.532001454254686,-6.237235856503325,-0.5352859423922753,11.291496141036328,16.02722099470469,22.41599759123038,25.39686812057583,24.156537544022257,17.503028986091614,9.98125290691495,2.432240499292206,-7.466168700957333,0.03282861210830146,0.1529280148680145,5.114177502593321,5.982364370014082,84.10827189116675,78.38590841542673,246.55760201933225,314.1326208842321,91.5473776445354,29.576320086610906,14.696066157130666,1.3129612262552524,-9.126708167528996,-8.384618655379018,-3.386260899447814,5.378105099322012,13.659358567870497,19.22160929296752,23.90643285590309,24.776702832299026,20.82978326505692,13.74214094650327,6.2067467031035655,-2.516964100832576,0.640698647004653,0.09287831348832976,2.63355275873084,5.548270936303873,45.04531813059059,81.24709015329692,162.4717552173797,280.3451114517824,202.83999926438395,60.56184886557338,22.136193121871017,8.004513691693191,-6.143889546323926,-8.163550730520468,-5.768174417716801,1.5063247807135365,8.927810397782876,16.57823824232376,21.28002890217026,23.989801085276117,22.3521448835632,17.213606479009574,9.972174130766222,1.64910823508324,7.535169911921298,0.47810843629219474,1.7666447098564149,3.749823295825008,31.734937921257924,56.15884822553573,136.3505941086418,213.02537710633024,217.41253351603314,145.08543953845935,45.27325462942556,15.195115823332173
1995,0.023121999999999865,0.004272532982690691,-8.055586158784731,-4.743235973342385,1.3863395169847177,8.65190890635996,14.828766443890231,20.71820837865608,23.116886799073527,23.016564474756354,16.522525425258294,10.781484669006858,1.8242165065066338,-6.534378244398377,0.009853619480424625,0.8055247495975011,7.236039862375967,32.42349763046966,83.75876782450736,114.61299408545918,271.69631444803963,173.14734187700407,49.02335461696876,32.53445189684205,2.551655138270341,0.012417537461480332,-7.760877429871044,-6.3994110660635695,-1.678448228178845,5.019124211672327,11.740337675125083,17.77348741127314,21.91754758886479,23.06672563691493,19.769544950007315,13.652005047132569,6.302850587756739,-2.3550808689458793,0.6614074228680709,0.4076891845391951,4.020782305986966,19.829768746423046,58.09113272748874,99.1858809549835,193.15465426674962,222.42182816252205,111.0853482469866,40.77890325690559,17.543053517556384,1.2820363378660993,-4.363171453483321,-6.754996944361516,-3.8041608717141657,1.7650041500007312,8.289004955744936,14.732961242968722,19.55462054053991,22.283886550828615,20.88532556636269,16.77352485634047,9.709408866923894,2.0237743103716697,5.339627000955346,0.7094465317776244,2.6838060771511962,13.488354080814275,41.13943510578423,76.9317531801453,156.68935878600195,186.48555013683415,164.62233698067067,84.90171613027145,28.036487217360207,11.699508190857783
1996,0.7239619999999993,0.1334482818369197,-9.686497691506503,-6.664599398460373,0.5231758149678551,8.67075034115622,17.038792162055444,21.259842807675284,23.129322888110256,22.13077014107784,17.18673751587382,8.820832282429134,-0.9883786815389559,-5.92695067551556,0.0762649476838702,0.028282802470236568,7.761451641219628,13.989761158531817,46.679864085915824,97.29056754924653,208.48569321592666,152.67902416591383,48.275506403539026,41.654863592030104,11.775081857123503,0.42498096390285767,-8.110437967952448,-8.175548544983444,-3.0707117917462643,4.596963078062032,12.854771251605825,19.149317484865357,22.194582847892764,22.630046514594042,19.658753828475827,13.003784899151475,3.916226800445086,-3.4576646785272604,0.04434124257286376,0.05227387507724188,3.8948672218451206,10.875606399875911,30.33481262222401,71.98521581758136,152.88813038258678,180.58235869092044,100.47726528472661,44.965184997784746,26.71497272457699,6.10003141051337,-4.798886476466118,-7.628491778121787,-5.275973758333041,0.8431089192212001,8.744239439393139,15.656461770295616,20.475985952613627,22.173311945621094,20.815610181687276,16.046113313126902,8.339730372254639,0.6351676417915127,0.8801125411383879,0.03898842920501977,2.6219997971244022,7.259831867407051,22.81035896188891,52.65339759789788,117.48537495036284,152.81842831036218,136.48007459512635,80.86979805382751,33.90181728423073,17.951642137685344
1997,-1.462250000000001,-0.2561109320703958,-11.226242439481519,-5.629131948486039,2.1220768376536903,10.394717335180264,15.79079538927316,22.08659284057675,25.746097241260888,24.085011061934416,16.17248642889527,8.53716345085019,1.3802552856133143,-5.86564462396324,0.028515589378403705,1.3899279424923678,4.081237847051625,9.923450776905408,57.20399513115011,55.50826785931515,83.96676541110843,246.92323910221359,41.72538976054989,17.723723889797682,4.6468818572185135,3.3605748919254665,-8.576596557498542,-8.427687193983783,-1.753527555416178,6.258397086416974,13.092756362226707,18.93869411492495,23.916345040918813,24.915554151597647,20.128748745414835,12.35482493987272,4.958709368231743,-2.242694669174972,0.2267482766408202,0.7092217659355753,2.735582894772186,7.002344311978707,33.56372295402795,56.35613149523282,69.73751663521197,165.44500225666116,144.32431443138188,29.72455682517392,11.185302873508235,4.003728374572127,-6.047190598845371,-7.594108354494399,-4.911099183437981,2.2958874081159464,9.435863187369014,16.090701855010035,21.207828490370243,23.97256704792399,22.001198244030164,16.26488698055993,8.69663505511956,1.3505913708333896,4.0761928034681105,0.6144748319243986,1.8332271263073212,5.13153885548299,23.736227918368908,40.878571255790085,65.55967613385775,128.79942412421224,124.2051314246238,102.12411758418688,21.365331835855176,8.57706021298037
1998,1.4456059999999997,0.26783903192970393,-10.93058697041123,-3.098486032397311,3.0584959051872596,11.854636273663967,17.133266546621172,20.39607515339138,23.788598060897094,22.51018388462959,18.858129310991576,12.178719029866997,-0.7531372017543454,-5.625993345353901,0.042538002752863235,1.320347685551932,13.039258194956632,51.862500232911586,79.79850906872733,92.06411499806997,212.3605390509489,219.54305604782874,46.0722354190099,40.85510949946816,7.284264978665007,1.2795623562169487,-8.398115797187245,-7.014536501404281,-0.019995063605036556,7.4565660894256025,14.493951410142559,18.76467085000626,22.092336607144222,23.149390972763328,20.684156597810567,15.518424170429268,5.712790914056308,-3.189565273554141,1.7015564473393017,0.6814428441525342,7.179802940254419,32.450879213934236,65.83050465081958,85.93131203339877,152.21232702450953,215.9517975493889,132.8076457334194,43.463672459239106,24.069687239066656,4.281913667441049,-5.138658769587084,-6.631572542257293,-3.65685903254046,3.9382153821512724,10.682132908490766,16.461325991225475,20.439313253636513,22.231619032972656,21.718970418839387,17.849010741829353,10.094570379701375,1.9331961609195478,2.683331583965431,1.5744868600765702,4.800714627753625,22.074035371139868,48.233422498864996,74.57504143323611,128.0743877059152,174.65590336561567,159.3252768392623,102.15680032210203,31.403869965714126,16.47297894478314
1999,0.6606879999999986,0.1267501604789387,-7.929461582598835,-4.6507158851028025,-0.7181916168508433,9.579765890523763,15.961028180891997,21.309288211080364,25.4039260735301,23.113250454711388,18.089555720870273,9.278338820609843,0.89056408263375,-6.906083429000562,0.20907514640671487,0.8137591513432543,14.460518828561415,28.140195984174447,27.4720587770551,65.91754435462815,119.64786167153227,119.95401543764005,42.71154017337234,12.434708178121497,17.192669954609705,0.9437542802604781,-6.777727463976386,-6.290088733850836,-2.6844537509768407,4.430787136836441,12.77039703570786,18.635158195986158,23.356607142305204,24.258588264120718,20.601403087790807,13.683947270740035,5.0844514516217725,-3.0077596731834295,0.7443187513119036,0.5114171488750565,7.637138989952407,21.300357406368004,27.806127380614843,46.69480156584169,92.7827030130803,119.80093855458625,81.33277780550628,27.573124175747004,14.81368906636569,9.06821211743518,-4.769530709902397,-6.0687236043518835,-4.432789694850864,1.4036194628566685,8.274200818188268,15.616694094165334,20.891414155167443,23.27548824644057,22.202244083037204,16.827048332063786,9.419486208037908,1.087606491414295,2.9243008270959883,0.7674655513220706,5.1611177087702265,14.471491321359471,23.357591196596754,40.50993303861899,71.01248826773826,101.83980715459991,94.10447242751464,58.366754596377724,24.112972768700942,10.190377470996987
2000,-1.6875720000000016,-0.3034250779701757,-13.042462237737507,-8.300128035713266,1.8521031507030408,9.267474562868669,16.7391687833274,22.757625458086608,25.49543437475504,24.142905371152853,18.551188829354356,9.044814802552665,-1.4709332554712553,-8.579867357797719,1.8028110127218557,0.0002867050556547568,5.9753834669002694,34.20605094264275,50.306101026253735,34.79094921773966,92.47694614574728,129.97855762423023,30.97365056182815,35.83427846224119,9.231847906808817,3.506865996749987,-9.974272833369058,-10.67129513672541,-3.2240124425051357,5.559788856785832,13.00332167309801,19.748397120706976,24.126529916420793,24.819169872953914,21.347047100253576,13.798001815953482,3.7869407735406764,-5.025400306634515,1.3732826464912566,0.901548858888845,2.987835085978052,20.0907172047716,42.256075984448344,42.5485251219968,63.63394768174358,111.22775188498886,80.4761040930293,33.40396451203479,22.53306318452512,6.3693569517795225,-6.352660528034821,-9.416224567483827,-6.496829040915959,0.9398165592861,9.286248832299655,16.254756268094173,21.66407620538963,24.131988401331444,22.729842858420696,17.246303001019907,8.708356792145205,-0.3353286035721534,6.6464117491971075,0.9156173326790906,2.5928270615590208,13.393907038199318,30.162511811932017,39.767700395545155,59.19133212991334,85.7488176625722,84.47638477726836,65.595495549433,25.346592310292532,16.190997455266473
2001,-0.23251200000000072,-0.042602936207731944,-13.665344138223164,-8.537143209403888,0.3980604293739045,10.39172422799818,17.788588263260312,22.61391948649851,24.781176301400997,23.268979712014403,18.05096748477159,11.356375275478843,1.3778397056045293,-8.348707512828469,0.02576626618723976,0.4194403024086046,0.815945458718993,6.326062719332516,27.83440730536116,119.89708395633323,121.90174775652957,162.6665243950045,41.964733071871336,32.35154963397481,1.3614073279841534,0.2094530019688179,-11.12260574801047,-11.101243673813553,-4.069541390015018,5.394892328686017,14.090156245629219,20.201253874879384,23.69754789394972,24.02507800670767,20.659973598392966,14.703671380125186,6.367107490541656,-3.485433903612,1.7663161314687343,0.2226032842980432,0.6176928805639198,3.5710040890258754,17.080235012346957,73.86574563084731,120.8994158564315,142.28413607576712,102.31562873343799,37.15814135292314,16.856478480979547,0.7854301649765496,-7.905381583830763,-10.260784901808307,-7.268142306084433,0.7508804826560157,9.526124306877415,16.931410659252283,21.727894683719885,23.554691833304577,22.033707832728936,17.558774157421553,10.261727488618263,1.4618358227515766,4.254826723248494,1.3173575217817568,0.42038400910475876,2.5204828268198507,11.658805161137368,51.35251799367544,89.87774633940779,134.8217853692889,108.84433507446825,78.99426903361665,25.225896677943183,11.307469987975674
2002,0.35964199999999913,0.06383820927399068,-7.25376794889187,-2.542162820086883,4.062329730009146,10.487980345053458,17.99174654983886,20.56227358747261,24.531926452124537,22.515435089082267,18.28630206785518,7.651509744732582,-2.6664080038620144,-8.374271149198595,0.8401148794975528,0.6456965029228559,15.545220807835198,47.39111774376862,16.983236885071598,89.14305444405008,124.94453184418859,114.4281358502655,12.090240268535709,42.578918462002676,3.7825015435798903,1.1838714884367199,-7.8012377308601994,-4.897965384489407,0.7600834549611011,7.275155037531272,14.239863447446131,19.277010068655706,22.547100019798542,23.52368077060337,20.400868578468685,12.968905906293843,2.492550870435247,-5.520339576530342,0.5247839407332493,0.7429056912102683,8.09545865537909,31.46816927580197,32.187177314420175,53.06314566456092,107.04379314411942,119.68633384722713,63.2591880594007,27.334579365269278,23.18071000279137,2.4831865160083915,-4.741545252038661,-6.048212760602465,-1.91120034632326,4.002715751658516,10.84735220830043,16.347333494121585,21.02864886314528,22.536545042893078,21.777887869687262,16.151082300556606,7.757134602908511,-1.129723136109413,0.8036584031499222,0.5650881281294896,5.677010730084949,21.19401168484197,26.639858478891554,51.17246969096319,77.0236077244365,109.50524071283449,83.82096932099637,56.36576486026774,19.483886758039194,15.8484304980062
2003,0.19668999999999848,0.03210866896515672,-10.030760575912762,-4.365070410315681,1.8443063486412612,10.867115206915008,17.346342392390728,21.13094515190421,22.787635956706872,22.319079478703795,17.79119230527174,9.8278106119431,0.45049100581913315,-6.408363200896288,2.90878432451791e-14,0.18034546213620456,6.319559819944374,36.67695097480356,28.98986286427352,124.97175160959104,143.05146168554256,117.27759096933946,47.9300095673827,80.30670406595819,14.090628177358624,0.7049429587327793,-9.202515862555716,-7.197915493114261,-1.260382030837249,6.3557107777780955,14.106728799652828,19.238643772147427,21.959290554305497,22.553357717705293,20.055135891987725,13.809501458607373,5.13915080888107,-2.9789360975386243,0.5919357442184607,0.09017273106820312,3.2499526410403754,21.498255397374056,32.833406919538625,76.98080723693236,134.01160664756688,130.16452632744108,82.60380026836116,64.11835681667054,47.19866612165851,7.397785568045812,-7.023813242991196,-7.590034045142418,-4.183841545862467,2.782117048413456,10.019254649315592,16.44813425040324,20.42164116700053,22.079220195771555,20.965969246894065,16.646027465306144,9.356497974344588,1.2899794722885787,1.6554576773386505,0.45473898352408854,2.1666350940266397,14.392285418961151,23.995457886340258,63.54618848288914,99.00435871980214,128.43360142149078,102.75302074075466,81.83810153422654,47.44244727023295,31.700758400682982
2004,0.45062999999999764,0.07149951765631704,-9.214031025983235,-4.076823404280892,1.6688676505549678,10.7325670174017,16.634368084721498,22.6566983959281,23.514958743832178,22.68289379449829,18.23445737711757,11.034205902485638,2.4674575515539985,-7.717159831282599,0.005772848689497456,5.6202244834667505,4.563549973052079,15.311693841108333,35.12331159001192,114.30697886350411,209.83122823538895,110.1440212027978,61.16674823637943,13.112245144379187,34.94160015733336,7.534648599377832,-7.811197113439809,-6.645427215132111,-1.2039778768630098,6.200717333978285,13.683467551061549,19.64553324032475,23.085828569880093,23.098926269165197,20.4586755858079,14.634331639801577,6.75083172701979,-2.624851139864328,0.35535790371124865,2.8129986660782342,5.091887228259525,9.937621907080317,25.217502715560236,74.71514522675811,162.06910354944662,159.98762471909347,85.65538471958872,37.139496690379424,24.026922650856385,21.238124378355707,-5.057301073686866,-6.566405877053541,-3.8739955932364567,2.7748704212251876,9.678600917559317,16.674544499350358,20.935341741493854,22.95151697808612,21.477436638482615,17.317185691367104,10.578706943719007,1.928167874252285,4.933781328260086,2.110313430296129,3.3965157684025624,8.498489432542174,18.332851801390564,54.913994764874566,119.7538395629681,144.76074276723006,127.0473325581885,61.47433819451857,36.406864512697105,18.529497967029897
2005,0.062209999999998544,0.009917863952605736,-10.23490611848387,-9.877327788592337,-0.09232780144666997,10.327976653041512,15.57094673108213,21.554944687807364,24.169454053051037,23.192888106223215,18.34404694239494,10.588865541490964,2.647640025640399,-10.644050169417156,0.0003436667270086957,0.044422053868860015,0.09329995628152278,55.80022627181304,114.00226498398753,129.47589671525046,156.17206477915138,178.585113822079,37.8371977117024,41.15518392988763,4.427802629562372,0.01803015636982508,-8.976032974883262,-10.05611695353813,-4.984827795019528,5.117824425797397,12.949461692061798,18.562945709444726,22.86219937042918,23.681171079637103,20.768467524309056,14.466456241942929,6.618252783565659,-3.9982050718884024,3.7674961330525285,0.022382860298042484,0.06886100507529952,27.94676311404739,84.90124562790038,121.73908084961909,142.823980747201,167.37858930061526,108.21115576689078,39.49619082079508,22.79149327972506,2.222916392966159,-5.161536132737551,-9.276464579452995,-6.734853902841017,0.11944035433411078,8.602198527558933,15.817956023976945,20.43178182398012,22.972428949027147,21.902129700556333,17.375266863369642,10.526850836508705,0.8641517992380064,14.158864141145836,2.5264714399910013,0.04602189229223175,18.645982760654242,56.63193040402712,99.75946265701675,133.21674215946285,154.74435843882665,124.19812543764397,85.85916515455604,27.806728090383825,15.200338905272963
2006,-0.16049600000000197,-0.025598934292198453,-9.941191610427756,-7.130734199046259,0.9755916368560928,7.952876098038134,16.996206486095147,20.632720792249334,23.25581449010859,23.97403329269532,17.884468367826994,11.757748283204755,1.2611894949768931,-6.192591927875407,0.14231760673276367,1.7466846195823778,2.3603430812612602,26.84789489322261,38.98986525169343,132.8683500757164,127.600887589455,107.97392575499069,32.317524226816104,45.75165085810779,10.875328287167136,0.05908002012757585,-10.292620889922482,-8.535962904737033,-3.0775712810951106,4.464233867447086,12.474541292066615,18.814463639172214,21.94426764117894,23.614923891401933,20.92925083026114,14.821108325515857,6.509468889090806,-2.4657012164492746,0.08017388155135441,0.9445011131576307,2.0535138504218793,14.604118987241996,32.91888007245808,85.92910766370497,130.23461883258574,117.78740667222289,70.14572499090345,39.034587542461985,28.313489572637497,5.4672041536473905,-5.979200584734901,-9.238658659630454,-5.36544472420604,0.5992445119492557,8.641558073663058,15.193934458794137,20.29491392281762,22.62085619168435,21.704772050210238,17.87208331457563,10.301135382002817,2.275448616768685,1.5293834642213398,0.635677460894675,1.4164484358584868,10.318307531355103,22.732701075392118,66.23537007354382,99.81970097228795,122.81438780672038,89.29744585708694,62.014366946637885,29.6481677906967,18.895353055133857
2007,-0.05661200000000122,-0.009595738903422784,-7.344063467806373,-1.7938373909647147,0.851135000531805,9.25023341579911,17.05030025578828,22.72235347430916,23.358670119327265,23.590709640390376,18.455700078040213,9.911720079508246,0.5939459513786076,-5.476363420028824,0.11338805418106906,4.669284417330574,21.755630439303104,23.301975995492324,64.34370496337411,53.18360215758014,159.43635491550833,135.31035743360835,40.981221352315686,36.041914689399334,9.588617946401577,0.6630578953682207,-6.768327697840908,-4.568950429385562,-0.4713511952164726,5.05068420816544,13.150266835793678,19.8863268650487,23.040511796818194,23.474689879858804,21.023204859215276,14.183710078774213,5.252833015443413,-2.441208734325122,0.08623403715435707,2.391336235755856,13.212457428316876,22.52880321739775,43.82284047943325,58.76365356047716,106.30997853654426,147.37335617455835,88.14578939296204,38.51156802085754,22.815266317900488,5.12583792088493,-4.0918219669016915,-5.1101642622155605,-2.762255286079823,2.769177008455338,9.05055622403967,16.340962381965458,21.04377461647484,23.22391107800887,21.80169327925256,17.31937659931289,9.653788702975634,1.6764342036192883,3.682598787158284,1.613917497212763,8.846100970271273,16.57563028404169,36.467103799389534,46.94309437214854,92.32122067882055,115.97677150223195,111.90931123381047,70.77783115844082,28.870584662705237,15.43119684372275
2008,0.5758960000000002,0.10046799324649426,-10.769269096542608,-6.45918757050214,3.8973804686043683,11.701863910886512,15.642372785105334,20.625207936309643,24.10245662113137,23.035238937840205,17.92009850563891,11.321255763606256,1.194874951391295,-6.186917950914238,7.738254481637341e-14,0.2061688868178707,14.464050277199043,40.77760953880714,84.18596819411752,109.0613176910242,213.1471696330378,90.18484713674636,36.12109294594836,24.083007646334877,3.7079190888597964,3.9980413430697466,-8.12281625828573,-8.614228333522389,-1.2809035509489002,7.799622189745426,13.672118347995909,18.133790360707476,22.363832278720494,23.56884777948578,20.477668721739548,14.620677134622575,6.258065357498767,-2.4960214997614805,0.3315289476841805,0.10308444340900552,7.335109582008489,27.620829908003124,62.48178886646237,96.6236429425709,161.10424366203105,151.66600838489217,63.152970041347444,30.102050296141712,13.89546336759743,3.8529802159648643,-5.21722885506433,-7.568273362357913,-4.443692066146848,3.046685602996192,10.413872388198683,15.989814877433774,20.123345780848727,22.58763449842702,21.685931354870107,17.4255310690284,10.145409740212097,2.109737588027714,3.417225280589664,0.28974226072842885,4.890073054672037,18.482609567607724,46.475876003374275,78.00829847464932,135.46481850605957,137.46444482026916,113.15103657191055,50.129649243009574,21.304006560380724,10.59632269275452
2009,-0.8813100000000009,-0.15234847005011398,-9.481602754190284,-5.4735567984945845,0.7074065891615637,10.65932245023812,18.379603910019604,20.4960991974923,23.052347827833326,23.148288618820306,17.345554844361946,10.794494822280232,-2.1554304122186565,-9.296938880899901,0.09314532288493238,8.568774145485525,5.690153801470322,82.27623052258808,45.25688023339609,96.32524033408826,126.3671930735111,75.63562430346208,29.087065287655946,38.203633878475415,2.9305909208209613,2.490364893169783,-7.83426035255227,-7.477579776342441,-2.383075104666518,5.6833645196998335,14.51946318012885,19.437851553755937,21.7742235126628,23.10031822332681,20.246921731591122,14.070024833321083,4.3195322050307805,-5.726184646559286,2.0455933329774325,4.330959734185322,7.129463973478018,43.9831921620293,63.76655537799218,70.79106028374227,111.34621670379977,101.00140868848666,52.361344795559084,33.645349583065745,20.567112399648252,2.710477906995436,-4.824548584571132,-7.047359167866425,-4.749250987841157,1.9643907469683104,9.915444316473039,16.511675185916616,20.642683645115017,22.23224521471525,21.182063763671803,17.096112761820773,8.661539751474452,-0.2192914902794989,2.5997019182712044,4.219986937146447,4.7840244232799725,32.17838615651436,44.40775485248455,74.6194503633572,89.31643788033153,99.44268590368686,77.02996088820942,47.64210782319751,23.40709669565047,14.541529897488417
2010,-0.40948399999999996,-0.06932916879290069,-11.341273145622806,-7.971599602275349,-1.9920195173102062,6.266245075296509,16.308512817103285,21.92907828905901,24.35937198562633,23.055161650774163,17.82026550049621,9.177925147446427,1.1118717415113544,-8.510361423418923,1.5290631713344691,7.694369291867072,7.34988458201292,45.82555406034884,105.22425360427388,45.1008273436634,248.13537058000247,290.77451808995767,68.77522324047817,54.50471660457025,30.094781022949014,2.603267746680011,-10.31910601326136,-9.656436373949084,-4.981809559792784,2.1371127789931452,11.28737894619989,19.118795553081142,23.14422513734266,23.70726681820024,20.43771357563518,13.499095323971309,5.144898444478882,-3.699244840953793,2.00971403225219,4.611716231600834,7.522126936940062,26.58771932118095,75.52490383231144,75.16254047396873,146.61809896183303,269.4549443349802,179.77487066521812,61.639969922524415,42.29974881375983,16.349024384814708,-7.5978808129138455,-9.536603876266076,-7.101630755069512,-1.2324580147630737,6.860912791696471,14.83461206048621,20.865654363929483,23.114537308486444,21.744933045632177,16.68445076623888,9.370020796484607,0.5931451551795632,2.3166729951081018,3.904599118790139,5.524439015071184,20.289935978075977,52.79989741554491,65.38354500276175,132.82015050931295,194.67023867120756,202.56170397014583,138.01815264500178,51.1249069559989,29.06758845806618
2011,0.3356180000000002,0.05559348829104251,-13.950146476811367,-5.976657217998072,0.5982188938773447,8.910460464538524,16.166994198149666,20.976812649814082,23.96968764013226,23.317641770324293,16.79333582062108,10.564375803294613,1.7779905306659316,-8.517376807087546,0.0,0.6013376611321962,1.5069318881826517,30.90368907389818,51.90326924416361,89.51698808291802,147.44960321891648,185.89055455761246,21.4130441737083,23.59381244276341,23.784141134439274,0.07184627428171453,-11.230253950115154,-9.963401847404729,-2.6892191620603727,4.754339679207925,12.538727331344086,18.57190342398187,22.473250144973164,23.643664705228268,20.055488795472673,13.678855811957831,6.171183166980256,-3.369693138210823,1.3016338733402009,0.30066883056629345,1.0541347746576202,16.205310481040613,41.40347915903109,70.71012866354101,118.48329565091746,166.67007888826464,103.65179936566054,22.50342830823601,23.6889767886015,11.927993704360652,-7.116212052906367,-9.479055039409511,-6.442861600310754,1.1773407134725424,8.558557852188455,15.351422437500704,20.371164829365284,22.75471402009016,21.360221743692488,16.891784464746603,9.711900718193817,1.274996508957609,10.899349589876094,1.0682018026038211,0.7027565164380346,11.003986207737428,28.104630068747905,57.44131546699302,96.28995351533246,140.95238195314874,118.25106731674549,76.96580372469445,22.930332583636716,15.81659995049452
2012,0.38981200000000005,0.06431482076054143,-11.632174790954895,-8.14732609002961,-0.21682601254784828,9.594293352290665,17.76503684992675,21.021802251730985,24.126328361389156,23.03986419912584,17.63601991100739,9.889221866273605,-0.5427246813036266,-11.543089404479499,6.019627601508426e-06,0.5164019002111633,5.237951252417968,84.22907401232764,29.03552569062819,168.85030911255262,174.86868518852162,195.13579519089865,78.03912229635958,60.061924188881804,39.07043668401362,1.082002765805278,-10.074775799021236,-9.889750440492268,-4.182076051288745,4.688733669871392,13.679665101108691,19.39341955082885,22.57406530656005,23.58309628025748,20.3379420550666,13.762620888640482,4.673248592484974,-6.042907042891578,0.03592614695481622,0.2582039599195406,2.877176576314724,44.733512632372964,56.63229985147807,98.94291740159056,171.85949715053727,185.00224018971025,136.5874587436292,69.0505232426208,49.566180436447816,20.076219724909546,-6.123853689125561,-9.43229256269074,-6.665442297844176,0.41004708323767797,9.047501396556465,16.127044151316074,20.97105582101557,22.729331604081935,21.600737490507402,16.85503532546889,8.994172365325735,-0.7321974065032281,7.95199780944925,0.1960847313732129,1.9181197240852974,29.994475721651977,39.50085031845765,94.03830293850253,124.25150666390051,179.6182631639907,149.34786755859298,111.0789472253797,59.05716105641802,33.40478787956659
2013,0.8380900000000011,0.13687392619400715,-12.293498981063562,-8.651074792630583,-0.8597963263654425,6.598555175689141,17.43215030018673,21.394982095153257,24.300244030112964,24.048587989113123,17.6652850698228,10.169797016072348,1.6014169344419482,-6.999926195041777,5.1214225468007415,1.1032251494919585,7.333029134253393,28.146664385292137,21.71840505957023,81.43022498834746,245.39273365597066,161.1071794124662,61.71284869324367,74.67616228808036,15.699685206152026,0.8966447479961523,-11.918294192771544,-10.472286886847087,-4.755435559498026,2.8693794246618363,12.015352737937924,19.413566197669983,22.847613062633094,24.174416009613026,20.856936529467948,13.917541042947562,5.8856069752571365,-2.6992546302999263,3.1017126563031034,3.1123238481464437,4.2181271418727695,17.73984675977286,24.932534722431278,51.57431502395893,163.41147932215915,203.24995653421848,111.410014052855,68.19450549066208,45.187923747116265,8.298164977074158,-8.126437688948949,-10.829221059391267,-7.268123366686583,-0.9707719811023482,7.723636383170091,15.141895857009658,21.042458808484266,23.247938038126392,22.004705696349575,17.294556691669374,9.812166340112315,1.5904292518241228,15.091287332206234,2.435550154032344,4.519225610181716,12.194306223012182,19.06603285970494,43.76509814440297,116.18045456796249,162.64337935226112,156.0709205872265,99.16539679792974,50.69623206249168,30.42416408074251
2014,-1.1226959999999986,-0.1826651802187888,-8.2057038116771,-6.310281994867562,3.3032316373955424,11.885747401024448,14.744786819175319,21.881982235081082,24.400871917714113,23.127260709413882,17.44639772878093,10.491775921723548,2.5077277160495797,-8.70079380544079,0.0362010194061716,1.8979500494433283,6.521503903642925,3.446234570645178,75.32256217601818,137.80654253135913,87.53319371894816,55.476487458400484,42.67664720065962,24.194612055677517,5.370002105368734,0.23287900856310273,-7.602815003359451,-7.257992903272344,-1.5035251787360222,7.594489519209983,13.315267110099873,18.313384527128193,23.14142707639759,23.764066313563987,20.2868292190974,13.969086825252234,6.499751818886557,-3.0965330446956125,0.46642288370123275,0.9670755344248205,4.209726976543197,4.983869237144122,39.38439837333175,106.56455235368871,112.6698681251537,71.5048405886744,49.07656732953014,33.435629628168655,14.782307080523207,2.801440556966,-4.5347376907590276,-7.171970667195532,-3.737584723049759,2.95956568118409,9.977921952531718,16.170838818426898,20.34254699065679,23.136704954069646,21.65817678530293,17.021811453306075,10.148633788851308,1.432903277444068,5.544176991184448,0.943598605614883,2.8185516574971405,3.955229507910143,28.430100216768427,72.19177975934049,100.22076614210816,93.60540790290226,61.89544279266911,40.78258223824556,24.08042045390165,9.932497723202802
2015,-0.3781939999999997,-0.06114208501374341,-8.222644231358089,-5.0434958335253395,2.205481869345437,10.691667243457896,16.820242838034204,21.351243217866095,24.29852106212166,23.548072598228405,18.253859944335353,10.385260075255566,-0.30100363059955626,-5.646984466181901,0.5694741939327798,2.678570908776422,4.843260525094907,36.178816812182404,70.22682285870172,112.97739464709322,84.48511447416061,128.0341806833829,45.33595435711683,21.19334645478348,13.535336101310925,7.183781621941954,-8.461719018399446,-6.63307003244172,-1.4190069820899573,6.4485745564016606,13.755955040746045,19.085743027950144,22.824882139993875,23.923296830175026,20.900966271281867,14.319560009795445,5.042128222327991,-2.9739940483907428,0.4011766012480229,1.6240225513546824,3.7609157169357466,20.511038668638736,53.20281983544214,91.60210875289755,98.73125456062701,106.25964757877186,86.68506752024999,33.26465040595028,17.36434127804732,10.359558861626557,-4.805236773583144,-7.322311290108117,-3.6868860651793747,2.6178844264259538,9.905797316945803,16.287717766452687,20.823335706007274,23.065945626072008,22.03348453489509,17.39573087260639,9.4460387963304,1.479090659491316,2.0574517692878893,1.1603080370904522,2.6971018759343868,14.566882748684263,37.08296673199269,73.12767810599213,89.22977732665153,108.49889660154527,85.95174983821983,64.85449383176079,26.688212304403454,13.970821392678497
2016,0.46914000000000033,0.07794240296657624,-11.494209589770527,-5.865052006602335,2.9451323556661304,10.854458152310652,17.347553485075956,21.401790936962485,24.656998489832947,24.42513482169575,18.487840134219933,9.49206576340207,-0.8493400742949078,-5.846975172147997,6.213842523372648e-05,2.6316592864632318,6.780297555537037,33.794869859436936,145.61362589344506,95.9247948219836,245.1589623128391,132.4020229260875,60.73843318240438,33.3557245952682,8.096750934126156,0.940125189752699,-8.570597027976229,-8.679630798186446,-1.4599598254681174,6.899795253988376,14.101005818693288,19.374672211019202,23.029394713397696,24.541066655764332,21.456487477957825,13.989952948810982,4.32136284455356,-3.3481576232214736,3.59192188018371,1.3158607124443495,4.7059784210002515,20.2875837074871,89.70424787644112,120.76921035771443,170.54187856741143,188.7804926194634,96.57022805424603,47.04707888883638,20.726237764697274,4.5184380619395235,-5.814065895517383,-7.66874868751831,-4.8047097469023,2.6448461671247596,10.382381331017521,16.534600858116303,21.1354476372904,23.494641416163663,22.52332448191615,17.468346906439187,9.043521941108967,0.9319168389863227,6.906393287225749,3.271834348943185,3.137339660141547,14.402275567145447,62.06293110280606,91.77776352495492,162.23246100942228,157.82859335363642,146.09980614044335,75.49872690125306,34.063636237265946,14.130866906382058
2017,,,-8.638534966105205,-5.134433364159213,2.8186577389273273,11.779565381639614,17.90275280650679,21.610676671889088,25.63649820124638,23.19013310336988,18.20489376923394,9.746383794632386,-0.2154481831726187,-8.12346588505447,,,,,,,,,,,,,-7.2427550691266225,-6.886484165132231,-1.1578878126159653,7.299111560283448,14.841159094073179,19.756714739197914,23.623587436567707,24.413315652308107,20.697513436301893,13.975638781933146,4.765467805729866,-4.169457034113562,,,,,,,,,,,,,-5.111616737516102,-6.53998116747087,-3.6514368637790953,3.1545965854691773,10.833658642357847,17.0976649533451,21.716642559880686,23.479102658835057,22.343841691283345,17.047136889078683,9.245276460231183,0.469156575468381,,,,,,,,,,,,
2018,,,-11.271214971527511,-8.2290012740223,2.2350961436949808,10.848894050952271,17.24545875024726,21.956105607678904,25.797772032488083,23.918739511783283,17.49430012052162,9.60552180791171,1.8167703595309135,-7.4283253176823125,,,,,,,,,,,,,-9.697340428291009,-9.750108122774925,-2.996952565163679,6.541995097323607,14.047176400599746,19.600782178963062,23.876938820083474,24.858255772135664,20.706519816152436,13.549910964216652,5.711146083721301,-2.80577747907571,,,,,,,,,,,,,-6.536709679918251,-9.207894043534811,-5.755040033951661,1.6183296402082668,10.109816314964787,16.68348613629276,21.666445463471366,23.890872383983375,22.403603888264282,17.006187146738824,9.638864095988035,1.3313222832533913,,,,,,,,,,,,
2019,,,,,,,,,,,,,,,,,,,,,,,,,,,,,,,,,,,,,,,,,,,,,,,,,,,,,,,,,,,,,,,,,,,,,,,,,,
2020,,,,,,,,,,,,,,,,,,,,,,,,,,,,,,,,,,,,,,,,,,,,,,,,,,,,,,,,,,,,,,,,,,,,,,,,,,
